,model,accuracy,auroc,log_loss,predict_time,fit_time
0,Voting_GNB+RF,0.9141433350896476,0.9837112542548955,0.23075349167485068,7.645049776349749,534.9342562811715
