,model_name,case,geometric_mean,f1,balanced_accuracy,roc_auc,fit_time,predict_time
0,MLP,negative,0.6414255241074921,0.6474333341348067,0.28652100849361173,0.6432605042468059,445.282107591629,0.11952419281005859
1,MLP,neutral,0.679672779457268,0.7793559791246092,0.4012070487275642,0.700603524363782,594.282391834259,0.1280573844909668
2,MLP,ternary,0.5043628649531688,0.5806022342297603,0.29246090889209025,0.6444690203892293,771.9420459270477,0.12856073379516603
3,MLP+MLP,ternary_negneu,0.520551646846511,0.5721373012791533,0.5282471925009099,0.6471589829185616,1039.564499425888,0.24758157730102537
