,model_name,case,preprocessing,accuracy,adjusted_balanced_accuracy,balanced_accuracy,f1,geometric_mean,roc_auc,fit_time,predict_time
0,SVC,ternary,LOF+LDA-classLOF,0.6308110690367218,0.31827221747226686,0.5455148116481778,0.609115246368432,0.4849730599188532,0.6591365846680344,293.99223618507386,43.557859897613525
1,SVC_b,ternary,LOF+LDA-classLOF,0.6308110690367218,0.31827221747226686,0.5455148116481778,0.609115246368432,0.4849730599188532,0.6591365846680344,294.8401038169861,43.24833436012268
2,RidgeCV,ternary,LOF+LDA-classLOF,0.6112616631125876,0.28818658459075897,0.525457723060506,0.5918906797950114,0.4719793572756116,0.6440012254027041,35.36236786842346,0.14620037078857423
3,SGD,ternary,LOF+LDA-classLOF,0.610290214983946,0.2998910668187438,0.5332607112124957,0.5945621276775475,0.4850761572238948,0.6498355004112814,14.570483303070068,0.15031371116638184
4,LinearSVC,ternary,LOF+LDA-classLOF,0.6099553801969946,0.29567966119423195,0.5304531074628213,0.5940559740124727,0.4844225236752349,0.6474235380333878,761.4041077136993,0.15454702377319335
5,SGD_b,ternary,LOF+LDA-classLOF,0.5956161317453023,0.33692972136202304,0.557953147574682,0.5947291945871427,0.5395182094837857,0.6665413367043573,14.810701274871827,0.15330796241760253
6,LogRegCV_b,ternary,LOF+LDA-classLOF,0.5740942605214487,0.35306810207919714,0.5687120680527982,0.5803491764889538,0.5637465218671424,0.7524742833752831,453.3056406021118,0.1463839054107666
7,RidgeCV_b,ternary,LOF+LDA-classLOF,0.5704641748142996,0.3576565454696239,0.5717710303130826,0.5765212789653097,0.5656586564654182,0.6739333860191385,49.083936309814455,0.16004352569580077
8,GaussianNB,ternary,LOF+LDA-classLOF,0.5072131847595085,0.22607849805465374,0.48405233203643583,0.511080515171358,0.4739432586293309,0.6776208038864409,4.371371412277222,0.9746917724609375
