target_score,accuracy,adjusted_balanced_accuracy,f1_weighted,geometric_mean,roc_auc_ovo,roc_auc_ovr,roc_auc_ovo_weighted,roc_auc_ovr_weighted,fit_time,predict_time
accuracy,0.6222169234335116,0.2935384051337241,0.5999859298719628,0.47406037630351217,0.7564336403961602,0.7527527285161524,0.750458368683762,0.7425477555262049,4.092982912063599,0.19332928657531737
f1_weighted,0.6222169234335116,0.2935384051337241,0.5999859298719628,0.47406037630351217,0.7564336403961602,0.7527527285161524,0.750458368683762,0.7425477555262049,4.092982912063599,0.19332928657531737
roc_auc_ovo,0.6218267047363282,0.301546101460829,0.6004233764009446,0.47786087531280674,0.7518063260923572,0.7497450420832902,0.7472603385699899,0.7410223415882189,2.6125440120697023,0.16746520996093744
roc_auc_ovr_weighted,0.6208210865913999,0.30609112216058126,0.6019860956996921,0.4870881957365514,0.7553542953308112,0.7520176690138086,0.7497279008045126,0.742205893862373,3.311968278884888,0.139313793182373
roc_auc_ovr,0.6205323906084355,0.3011658749120052,0.6001505213905288,0.4812871802922364,0.7579168784243244,0.7538522404429147,0.751578289399288,0.7432470406209746,3.1452303886413575,0.18361167907714843
roc_auc_ovo_weighted,0.6193806145330868,0.30908800578192996,0.6017017615802501,0.49136663158198157,0.761570325177134,0.7563068960863457,0.7541175797511327,0.744434927866282,3.4123424530029296,0.1479821681976318
balanced_accuracy,0.6156242558265561,0.33764848932375036,0.6066828348218378,0.5274479107836857,0.7626987055309468,0.7571788903561701,0.754911155158099,0.7444808459452744,20.38593549728393,0.0702950000762939
geometric_mean,0.6156242558265561,0.33764848932375036,0.6066828348218378,0.5274479107836857,0.7626987055309468,0.7571788903561701,0.754911155158099,0.7444808459452744,20.38593549728393,0.0702950000762939
